-- phpMyAdmin SQL Dump
-- version 5.2.0
-- https://www.phpmyadmin.net/
--
-- Host: 127.0.0.1
-- Czas generowania: 15 Mar 2023, 08:01
-- Wersja serwera: 10.4.27-MariaDB
-- Wersja PHP: 8.2.0

SET SQL_MODE = "NO_AUTO_VALUE_ON_ZERO";
START TRANSACTION;
SET time_zone = "+00:00";


/*!40101 SET @OLD_CHARACTER_SET_CLIENT=@@CHARACTER_SET_CLIENT */;
/*!40101 SET @OLD_CHARACTER_SET_RESULTS=@@CHARACTER_SET_RESULTS */;
/*!40101 SET @OLD_COLLATION_CONNECTION=@@COLLATION_CONNECTION */;
/*!40101 SET NAMES utf8mb4 */;

--
-- Baza danych: `wedkarstwo`
--

-- --------------------------------------------------------

--
-- Struktura tabeli dla tabeli `karty_wedkarskie`
--

CREATE TABLE `karty_wedkarskie` (
  `id` int(10) UNSIGNED NOT NULL,
  `imie` text DEFAULT NULL,
  `nazwisko` text DEFAULT NULL,
  `adres` text DEFAULT NULL,
  `data_zezwolenia` date DEFAULT NULL,
  `punkty` int(10) UNSIGNED DEFAULT NULL
) ENGINE=InnoDB DEFAULT CHARSET=latin1 COLLATE=latin1_swedish_ci;

--
-- Zrzut danych tabeli `karty_wedkarskie`
--

INSERT INTO `karty_wedkarskie` (`id`, `imie`, `nazwisko`, `adres`, `data_zezwolenia`, `punkty`) VALUES
(1, 'Jan', 'Kowalski', 'Warszawa, Aleje Jerozolimskie 65/4', '2018-02-15', 25),
(2, 'Andrzej', 'Nowak', 'Poznan, Dabowskiego 16/4', '2018-03-12', 3);

-- --------------------------------------------------------

--
-- Struktura tabeli dla tabeli `lowisko`
--

CREATE TABLE `lowisko` (
  `id` int(10) UNSIGNED NOT NULL,
  `Ryby_id` int(10) UNSIGNED NOT NULL,
  `akwen` text DEFAULT NULL,
  `wojewodztwo` text DEFAULT NULL,
  `rodzaj` int(10) UNSIGNED DEFAULT NULL
) ENGINE=InnoDB DEFAULT CHARSET=latin1 COLLATE=latin1_swedish_ci;

--
-- Zrzut danych tabeli `lowisko`
--

INSERT INTO `lowisko` (`id`, `Ryby_id`, `akwen`, `wojewodztwo`, `rodzaj`) VALUES
(1, 2, 'Zalew Wegrowski', 'Mazowieckie', 4),
(2, 3, 'Zbiornik Bukowka', 'Dolnoslaskie', 2),
(3, 2, 'Jeziorko Bartbetowskie', 'Warminsko-Mazurskie', 2),
(4, 1, 'Warta-Obrzycko', 'Wielkopolskie', 3),
(5, 2, 'Stawy Milkow', 'Podkarpackie', 5),
(6, 7, 'Przemsza k. Okradzinowa', 'Slaskie', 3);

-- --------------------------------------------------------

--
-- Struktura tabeli dla tabeli `zawody_wedkarskie`
--

CREATE TABLE `zawody_wedkarskie` (
  `id` int(10) UNSIGNED NOT NULL,
  `Karty_wedkarskie_id` int(10) UNSIGNED NOT NULL,
  `Lowisko_id` int(10) UNSIGNED NOT NULL,
  `data_zawodow` date DEFAULT NULL,
  `sedzia` text DEFAULT NULL
) ENGINE=InnoDB DEFAULT CHARSET=latin1 COLLATE=latin1_swedish_ci;

--
-- Zrzut danych tabeli `zawody_wedkarskie`
--

INSERT INTO `zawody_wedkarskie` (`id`, `Karty_wedkarskie_id`, `Lowisko_id`, `data_zawodow`, `sedzia`) VALUES
(1, 1, 3, '2018-04-12', 'Jan Kowalewski'),
(2, 1, 5, '2018-05-01', 'Jan Kowalewski'),
(3, 1, 2, '2018-06-01', 'Jan Kowalewski'),
(4, 2, 1, '2018-06-21', 'Krzysztof Dobrowolski'),
(5, 2, 4, '2021-09-28', 'Andrzej Nowak');

--
-- Indeksy dla zrzutów tabel
--

--
-- Indeksy dla tabeli `karty_wedkarskie`
--
ALTER TABLE `karty_wedkarskie`
  ADD PRIMARY KEY (`id`);

--
-- Indeksy dla tabeli `lowisko`
--
ALTER TABLE `lowisko`
  ADD PRIMARY KEY (`id`);

--
-- Indeksy dla tabeli `zawody_wedkarskie`
--
ALTER TABLE `zawody_wedkarskie`
  ADD PRIMARY KEY (`id`);

--
-- AUTO_INCREMENT dla zrzuconych tabel
--

--
-- AUTO_INCREMENT dla tabeli `karty_wedkarskie`
--
ALTER TABLE `karty_wedkarskie`
  MODIFY `id` int(10) UNSIGNED NOT NULL AUTO_INCREMENT, AUTO_INCREMENT=3;

--
-- AUTO_INCREMENT dla tabeli `lowisko`
--
ALTER TABLE `lowisko`
  MODIFY `id` int(10) UNSIGNED NOT NULL AUTO_INCREMENT, AUTO_INCREMENT=7;

--
-- AUTO_INCREMENT dla tabeli `zawody_wedkarskie`
--
ALTER TABLE `zawody_wedkarskie`
  MODIFY `id` int(10) UNSIGNED NOT NULL AUTO_INCREMENT, AUTO_INCREMENT=6;
COMMIT;

/*!40101 SET CHARACTER_SET_CLIENT=@OLD_CHARACTER_SET_CLIENT */;
/*!40101 SET CHARACTER_SET_RESULTS=@OLD_CHARACTER_SET_RESULTS */;
/*!40101 SET COLLATION_CONNECTION=@OLD_COLLATION_CONNECTION */;
